-- Recreate sequences

DROP SEQUENCE NEN.PKSEQ_ANSWER; 
DROP SEQUENCE NEN.PKSEQ_CARPENTER; 
DROP SEQUENCE NEN.PKSEQ_CAVEMAN; 
DROP SEQUENCE NEN.PKSEQ_CAVEMAN_GENE; 
DROP SEQUENCE NEN.PKSEQ_CAVEMAN_GENE_ATTRIBUTE; 
DROP SEQUENCE NEN.PKSEQ_CAVEMAN_GENE_MAP; 
DROP SEQUENCE NEN.PKSEQ_CLAW; 
DROP SEQUENCE NEN.PKSEQ_CUBE; 
DROP SEQUENCE NEN.PKSEQ_DEPARTMENT; 
DROP SEQUENCE NEN.PKSEQ_DINO_EGG; 
DROP SEQUENCE NEN.PKSEQ_DINO_TOOTH; 
DROP SEQUENCE NEN.PKSEQ_FIXTURE; 
DROP SEQUENCE NEN.PKSEQ_HAMMER; 
DROP SEQUENCE NEN.PKSEQ_HANDLE; 
DROP SEQUENCE NEN.PKSEQ_PET_DINOSAUR; 
DROP SEQUENCE NEN.PKSEQ_SAW; 
DROP SEQUENCE NEN.PKSEQ_SCIENCE; 
DROP SEQUENCE NEN.PKSEQ_TREEHOUSE; 

CREATE SEQUENCE NEN.PKSEQ_ANSWER; 
CREATE SEQUENCE NEN.PKSEQ_CARPENTER; 
CREATE SEQUENCE NEN.PKSEQ_CAVEMAN; 
CREATE SEQUENCE NEN.PKSEQ_CAVEMAN_GENE; 
CREATE SEQUENCE NEN.PKSEQ_CAVEMAN_GENE_ATTRIBUTE; 
CREATE SEQUENCE NEN.PKSEQ_CAVEMAN_GENE_MAP; 
CREATE SEQUENCE NEN.PKSEQ_CLAW; 
CREATE SEQUENCE NEN.PKSEQ_CUBE; 
CREATE SEQUENCE NEN.PKSEQ_DEPARTMENT; 
CREATE SEQUENCE NEN.PKSEQ_DINO_EGG; 
CREATE SEQUENCE NEN.PKSEQ_DINO_TOOTH; 
CREATE SEQUENCE NEN.PKSEQ_FIXTURE; 
CREATE SEQUENCE NEN.PKSEQ_HAMMER; 
CREATE SEQUENCE NEN.PKSEQ_HANDLE; 
CREATE SEQUENCE NEN.PKSEQ_PET_DINOSAUR; 
CREATE SEQUENCE NEN.PKSEQ_SAW; 
CREATE SEQUENCE NEN.PKSEQ_SCIENCE; 
CREATE SEQUENCE NEN.PKSEQ_TREEHOUSE;

START TRANSACTION;

-- Deletes

DELETE FROM NEN.ZOMBIE WHERE CARRIED_BULLET_ID IS NOT NULL;
DELETE FROM NEN.BULLET;
DELETE FROM NEN.ZOMBIE;
DELETE FROM NEN.TATTERED_CLOTHING;
DELETE FROM NEN.STARSHIP;
DELETE FROM NEN.SHIELD_ARRAY;
DELETE FROM NEN.PIZZA;
DELETE FROM NEN.EMPLOYER;
DELETE FROM NEN.VAMPIRE_PIZZA_DELIVERY_EMPLOYE;
DELETE FROM NEN.NINJA_EMPLOYEE;
DELETE FROM NEN.ROBO_CLOWN_EMPLOYEE;
DELETE FROM NEN.CLOWN_EMPLOYEE;
DELETE FROM NEN.EMPLOYEE;
DELETE FROM NEN.CANDY_PLANET;
DELETE FROM NEN.NO_MORE_FUN_PLANET;
DELETE FROM NEN.SPELL_EFFECT;
DELETE FROM NEN.SPELL;
DELETE FROM NEN.WIZARD;
DELETE FROM NEN.EVIL_TOWER;
DELETE FROM NEN.SCROLL_PARCHMENT_PROPERTY;
DELETE FROM NEN.SCROLL_CASE;
DELETE FROM NEN.SCROLL_PARCHMENT;
DELETE FROM NEN.SCROLL;
DELETE FROM NEN.DINO_TOOTH;
DELETE FROM NEN.PET_DINOSAUR;
DELETE FROM NEN.DINO_EGG;
DELETE FROM NEN.CAVEMAN_GENE_MAP;
DELETE FROM NEN.CAVEMAN_GENE_ATTRIBUTE;
DELETE FROM NEN.CAVEMAN_GENE;
DELETE FROM NEN.CAVEMAN;
DELETE FROM NEN.FIREPLACE_FIXTURE;
DELETE FROM NEN.EMPTY_FIXTURE;
DELETE FROM NEN.OFFICE_FIXTURE;
DELETE FROM NEN.FIXTURE;
DELETE FROM NEN.DOOR;
DELETE FROM NEN.DEPARTMENT;
DELETE FROM NEN.GELATINOUS_CUBE;
DELETE FROM NEN.CUBE;
DELETE FROM NEN.SCIENCE;
DELETE FROM NEN.CARPENTER;
DELETE FROM NEN.HAMMER;
DELETE FROM NEN.SAW;
DELETE FROM NEN.CLAW;
DELETE FROM NEN.HANDLE;

-- Door

INSERT INTO NEN.DOOR (NAME, OPEN) VALUES ('Portal', 'Y');
INSERT INTO NEN.DOOR (NAME, OPEN) VALUES ('Gate', 'N');

-- Caveman

INSERT INTO NEN.CAVEMAN (ID, NAME, DISCOVERED) VALUES(NEN.PKSEQ_CAVEMAN.nextval, 'Ugg', timestamp'2000-02-07 00:00:00');

-- DinoEgg

INSERT INTO NEN.DINO_EGG (ID, HATCHED) VALUES(NEN.PKSEQ_DINO_EGG.nextval, 'N');

-- PetDinosaur

INSERT INTO NEN.PET_DINOSAUR (ID, OWNER_CAVEMAN_ID, NAME, EGG_ID) VALUES (NEN.PKSEQ_PET_DINOSAUR.nextval, 1, 'Thorax', 1);
INSERT INTO NEN.PET_DINOSAUR (ID, OWNER_CAVEMAN_ID, NAME, EGG_ID) VALUES (NEN.PKSEQ_PET_DINOSAUR.nextval, null, 'Jorg', null);

-- DinoTooth

INSERT INTO NEN.DINO_TOOTH (ID, PET_DINOSAUR_ID, SHARPNESS) VALUES(NEN.PKSEQ_DINO_TOOTH.nextval, 1, 53543);

-- Caveman Genes and Attributes

INSERT INTO NEN.CAVEMAN_GENE (ID, NAME) VALUES(NEN.PKSEQ_CAVEMAN_GENE.nextval, 'TTACAA');
INSERT INTO NEN.CAVEMAN_GENE_ATTRIBUTE (ID, NAME, CAVEMAN_GENE_ID) VALUES(NEN.PKSEQ_CAVEMAN_GENE_ATTRIBUTE.nextval, 'Unibrow', 1);
INSERT INTO NEN.CAVEMAN_GENE_MAP (ID, CAVEMAN_ID, CAVEMAN_GENE_ID) VALUES(NEN.PKSEQ_CAVEMAN_GENE_MAP.nextval, 1, 1);

-- Scroll

INSERT INTO NEN.SCROLL (ID, TEXT) VALUES('1218a3c6668c4e82858682f55ce9f67a', 'This scroll has a lot of words.');
INSERT INTO NEN.SCROLL (ID, TEXT) VALUES('ba03f30752ce420081b7764bf51c4f7d', 'This scroll has a list of popular names for chicken.');
	
-- ScrollCase

INSERT INTO NEN.SCROLL_CASE (ID, SCROLL_ID, ENGRAVED_TEXT) VALUES('847AEA0F2B5C40908C239690DFE71616', '1218a3c6668c4e82858682f55ce9f67a', 'Words of wisdom.');
INSERT INTO NEN.SCROLL_CASE (ID, SCROLL_ID, ENGRAVED_TEXT) VALUES('c6a90783a0304f4099d0b122e2324bee', NULL, 'Emptiness.');

-- ScrollParchment

INSERT INTO NEN.SCROLL_PARCHMENT (ID, SCROLL_ID, QUALITY) VALUES('351fb9ae64074745970f636c33aa2b41', '1218a3c6668c4e82858682f55ce9f67a', 99);

-- ScrollParchmentProperty

INSERT INTO NEN.SCROLL_PARCHMENT_PROPERTY (ID, SCROLL_PARCHMENT_ID, NAME) VALUES('dc7223b3475a4630bd062b1c46c772a5', '351fb9ae64074745970f636c33aa2b41', '~Magic~');

-- EvilTower

INSERT INTO NEN.EVIL_TOWER (ID, MIND_CONTROL_ANTENNA_POWER, CODE_NAME, NUMBER_OF_ZOMBIES_CREATED, EVIL_STUFF) VALUES('bdac851ce5104138b785638704b70b5a', 5000, 'Tokyo Tower', 9445, '79006F00750020006D0075007300740020006F00620065007900');
INSERT INTO NEN.EVIL_TOWER (ID, MIND_CONTROL_ANTENNA_POWER, CODE_NAME, NUMBER_OF_ZOMBIES_CREATED) VALUES('24486db36d0441afa0315de8cb308a53', 3333, 'Big Ben', 12311);

-- Wizard

INSERT INTO NEN.WIZARD (ID, NAME) VALUES('4305c3cf68cb4e79bf7c60306cd18053', 'Einhowzer');
INSERT INTO NEN.WIZARD (ID, NAME) VALUES('dd244c2f958a4f1c863e6154bf891dd5', 'Merlug');
	
-- Spell

INSERT INTO NEN.SPELL (ID, DESCRIPTION, WIZARD_ID) VALUES('70b7fbb86a6a44c3b0a395695d7a0aef', 'Magic Missive', '4305c3cf68cb4e79bf7c60306cd18053');
INSERT INTO NEN.SPELL (ID, DESCRIPTION, WIZARD_ID) VALUES('fa5bcfaa9f724a188cb8c10f6729ff62', 'Grease', '4305c3cf68cb4e79bf7c60306cd18053');
INSERT INTO NEN.SPELL (ID, DESCRIPTION, WIZARD_ID) VALUES('616743213f8749cb8a0940a27fe59ba6', 'Shocking Beard', '4305c3cf68cb4e79bf7c60306cd18053');
INSERT INTO NEN.SPELL (ID, DESCRIPTION, WIZARD_ID) VALUES('2399781e977542118e276bb6d1fe2842', 'Create Lesser Acne', 'dd244c2f958a4f1c863e6154bf891dd5');
INSERT INTO NEN.SPELL (ID, DESCRIPTION, WIZARD_ID) VALUES('a353530c822e4e7787c690dfc8173825', 'Flashlight', 'dd244c2f958a4f1c863e6154bf891dd5');
	
-- SpellEffect
	
INSERT INTO NEN.SPELL_EFFECT (ID, DAMAGE, SPELL_ID) VALUES('6BAAA889E4B14c68ABC603FFC5B3710C', 10, '70b7fbb86a6a44c3b0a395695d7a0aef');
INSERT INTO NEN.SPELL_EFFECT (ID, DAMAGE, SPELL_ID) VALUES('dc657ceecd5f45d6a03c5eba5ad5b3d0', 200, 'fa5bcfaa9f724a188cb8c10f6729ff62');
INSERT INTO NEN.SPELL_EFFECT (ID, DAMAGE, SPELL_ID) VALUES('03e88c3ef49d4b12b2b271c246220a78', 333, 'fa5bcfaa9f724a188cb8c10f6729ff62');
INSERT INTO NEN.SPELL_EFFECT (ID, DAMAGE, SPELL_ID) VALUES('7642f7509a934958a7374ba9da0b4fc0', 15, '616743213f8749cb8a0940a27fe59ba6');
INSERT INTO NEN.SPELL_EFFECT (ID, DAMAGE, SPELL_ID) VALUES('ca71487e414542c2a33d5dd92d23506a', 9001, '2399781e977542118e276bb6d1fe2842');
INSERT INTO NEN.SPELL_EFFECT (ID, DAMAGE, SPELL_ID) VALUES('913d493722344fb3a9a5b824380579a5', 0, 'a353530c822e4e7787c690dfc8173825');

-- CandyPlanet

INSERT INTO NEN.CANDY_PLANET (ID, NAME, DIAMETER, NUMBER_OF_LOLLIPOPS) VALUES('74cfe715e2ec4ada86419f0b0cb5d7d7', 'Chocliter', 8789, 3422);

-- NoMoreFunPlanet

INSERT INTO NEN.NO_MORE_FUN_PLANET (ID, NAME, DIAMETER, FUN_START_DATE, FUN_END_DATE) VALUES('02de00769e5244d4a4f9433a05ff4981', 'Clownury', 677, timestamp'1995-04-01 00:00:00', timestamp'1996-04-02 00:00:00');

-- Department

INSERT INTO NEN.DEPARTMENT (ID, NAME) VALUES(NEN.PKSEQ_DEPARTMENT.nextval, 'Pizza Ninjas');
INSERT INTO NEN.DEPARTMENT (ID, NAME) VALUES(NEN.PKSEQ_DEPARTMENT.nextval, 'Nightmares');
	
-- Base Employee
INSERT INTO NEN.EMPLOYEE (ID, NAME, TYPE) VALUES('2f8fd845da284cfe96ca60ea7e651c6a', 'High5', 6);

-- NinjaEmployee

INSERT INTO NEN.EMPLOYEE (ID, NAME, TYPE) VALUES('b587c85ba8414d90a64b2b26c417d977', 'Sanosuke', 1);
INSERT INTO NEN.NINJA_EMPLOYEE (ID, PIRATES_SLAIN) VALUES('b587c85ba8414d90a64b2b26c417d977', 10);

INSERT INTO NEN.EMPLOYEE (ID, NAME, TYPE, DEPARTMENT_ID) VALUES('3a8f48e4d31b47af9a649f14b420d7d6', 'Farley', 1, 1);
INSERT INTO NEN.NINJA_EMPLOYEE (ID, PIRATES_SLAIN) VALUES('3a8f48e4d31b47af9a649f14b420d7d6', 1);

-- ClownEmployee

INSERT INTO NEN.EMPLOYEE (ID, NAME, TYPE, DEPARTMENT_ID) VALUES('e031be0be9b04a29acdca4661d5556ce', 'Bozo', 2, 2);
INSERT INTO NEN.CLOWN_EMPLOYEE (ID, SHOE_LENGTH) VALUES('e031be0be9b04a29acdca4661d5556ce', 10.45);

-- RoboClownEmployee

INSERT INTO NEN.EMPLOYEE (ID, NAME, TYPE) VALUES('53270dda4ce9418fa3970d138fd12de6', 'Robozo', 4);
INSERT INTO NEN.CLOWN_EMPLOYEE (ID, SHOE_LENGTH) VALUES('53270dda4ce9418fa3970d138fd12de6', 15.92);
INSERT INTO NEN.ROBO_CLOWN_EMPLOYEE (ID, CHILDREN_VAPORIZED) VALUES('53270dda4ce9418fa3970d138fd12de6', 94);

-- VampirePizzaDeliveryEmployee

INSERT INTO NEN.EMPLOYEE (ID, NAME, TYPE, DEPARTMENT_ID) VALUES('f9c432ba4d744d93a475ef7370d34997', 'LaCroix', 5, 1);
INSERT INTO NEN.VAMPIRE_PIZZA_DELIVERY_EMPLOYE (ID, FAVORITE_BLOODY_TOPPING) VALUES('f9c432ba4d744d93a475ef7370d34997', 'Werewolferoni');

-- PizzaDeliveryEmployee

INSERT INTO NEN.EMPLOYEE (ID, NAME, TYPE, DEPARTMENT_ID) VALUES('92d2ee266df94dfa99dafc6a14a0afb1', 'Hiro', 3, 1);

-- Pizza

INSERT INTO NEN.PIZZA (ID, CHEESE_FACTOR, PIZZA_DELIVERY_EMPLOYEE_ID) VALUES('b6bd5292658e4246a7c8cbb218deb736', 100, '92d2ee266df94dfa99dafc6a14a0afb1');
INSERT INTO NEN.PIZZA (ID, CHEESE_FACTOR, PIZZA_DELIVERY_EMPLOYEE_ID) VALUES('7b1add4c2e60482aba7bbda2bf91632a', 9500, '92d2ee266df94dfa99dafc6a14a0afb1');
INSERT INTO NEN.PIZZA (ID, CHEESE_FACTOR, PIZZA_DELIVERY_EMPLOYEE_ID) VALUES('4ed25070df394a91a3a90102752e087c', 11000, '92d2ee266df94dfa99dafc6a14a0afb1');

-- Employer

INSERT INTO NEN.EMPLOYER (ID, NAME, OFFICE_NINJA_ID, ASSISTANT_ID) VALUES('f78ef8182ddb4128989d2f3a0aa5e156', 'Ground0', '3a8f48e4d31b47af9a649f14b420d7d6', 'e031be0be9b04a29acdca4661d5556ce');

-- TatteredClothing

INSERT INTO NEN.TATTERED_CLOTHING (ID, NUMBER_OF_hOLES) VALUES('a5a07a433057431cafbdadebe1e2fda8', 19);

-- Zombie

INSERT INTO NEN.ZOMBIE (ID, NAME, REMAINING_APPENDAGES, BIT_BY_ID, TATTERED_CLOTHING_ID, INFECTED, DATE_MODIFIED, VIRUS_INCUBATION_TIME) VALUES('94ec8d8e8073404e99189ea22b7566bd', 'Fred', 5, NULL, 'a5a07a433057431cafbdadebe1e2fda8', timestamp'1987-01-04 00:00:00', timestamp'1987-01-05 00:00:00', timestamp'0001-01-01 04:00:05');
INSERT INTO NEN.ZOMBIE (ID, NAME, REMAINING_APPENDAGES, BIT_BY_ID, TATTERED_CLOTHING_ID, INFECTED, DATE_MODIFIED, VIRUS_INCUBATION_TIME) VALUES('ce447ef16ab348b4bcbd2c5dff606593', 'Rat', 3, '94ec8d8e8073404e99189ea22b7566bd', NULL, NULL, timestamp'1980-01-01 00:00:00', timestamp'0001-01-01 04:00:05');
INSERT INTO NEN.ZOMBIE (ID, NAME, REMAINING_APPENDAGES, DATE_MODIFIED, VIRUS_INCUBATION_TIME) VALUES('2281b71d0a954b9bb4b1612171b815fc', 'Joe', 8, timestamp'1990-02-04 00:00:00', timestamp'0001-01-01 01:00:05');
INSERT INTO NEN.ZOMBIE (ID, NAME, REMAINING_APPENDAGES, DATE_MODIFIED, VIRUS_INCUBATION_TIME) VALUES('e71740140f2540dfb8752da0c90c5f68', 'Bob', 4, timestamp'1997-03-06 00:00:00', timestamp'0001-01-01 04:00:05');
INSERT INTO NEN.ZOMBIE (ID, NAME, REMAINING_APPENDAGES, DATE_MODIFIED, VIRUS_INCUBATION_TIME) VALUES('b4da75f11c8648978dcb33198c0dc9b8', 'Arnie', 5, timestamp'2003-06-04 00:00:00', timestamp'0001-01-01 04:00:06.01');

-- Bullet

INSERT INTO NEN.BULLET (ID, KIND, ZOMBIE_ID) VALUES('f3a4043d5618488e94b384df209aa701', 1, '94ec8d8e8073404e99189ea22b7566bd');
INSERT INTO NEN.BULLET (ID, KIND, ZOMBIE_ID) VALUES('7c9c752f48f6436f811a6f768b9d8ba0', 2, '94ec8d8e8073404e99189ea22b7566bd');
INSERT INTO NEN.BULLET (ID, KIND, ZOMBIE_ID) VALUES('36caff06e991489f864c5cc23586810c', 3, '94ec8d8e8073404e99189ea22b7566bd');

-- Zombie Bullets

UPDATE NEN.ZOMBIE SET CARRIED_BULLET_ID = 'f3a4043d5618488e94b384df209aa701' WHERE ID = '2281b71d0a954b9bb4b1612171b815fc';
UPDATE NEN.ZOMBIE SET CARRIED_BULLET_ID = '7c9c752f48f6436f811a6f768b9d8ba0' WHERE ID = 'e71740140f2540dfb8752da0c90c5f68';

-- ShieldArray

INSERT INTO NEN.SHIELD_ARRAY (ID, ENERGY, LEECH_SUCKING_POWER) VALUES('914c8e0ed14c427ba07f34db2013bcfe', 33, 1);
INSERT INTO NEN.SHIELD_ARRAY (ID, ENERGY, LEECH_SUCKING_POWER) VALUES('6b2b71b091ff4045b5dbf00903fdb463', 1231, 0);

-- Starship

INSERT INTO NEN.STARSHIP (ID, SERIAL, SHIELD_ID, SHIP_TIME, CLOCK_WARP_TIME,
		MISSILE_WARHEADS, AFT_PHASER_ACTIVE, AFT_PHASER_POWER, FORE_PHASER_ACTIVE, FORE_PHASER_POWER,
		SHUTTLE_SERIAL, SHUTTLE_OMNI_PHASER_ACTIVE, SHUTTLE_OMNI_PHASER_POWER)
	VALUES('76a37a136bd24cc4ae211e9234a58804', 'FOOCC-8909-X', '914c8e0ed14c427ba07f34db2013bcfe', timestamp'3007-12-20 21:15:37.107', timestamp'3007-12-19 11:44:22',
		26, 'N', 1111, 1, 878, 'BARSS-7641-Z', 'N', 432);
		
INSERT INTO NEN.STARSHIP (ID, SERIAL, SHIELD_ID, SHIP_TIME, CLOCK_WARP_TIME,
		MISSILE_WARHEADS, AFT_PHASER_ACTIVE, AFT_PHASER_POWER, FORE_PHASER_ACTIVE, FORE_PHASER_POWER,
		SHUTTLE_SERIAL, SHUTTLE_OMNI_PHASER_ACTIVE, SHUTTLE_OMNI_PHASER_POWER)
	VALUES('2361c0f2b51a43c1afbe268a1a3061e6', 'QUXCC-5343-V', '6b2b71b091ff4045b5dbf00903fdb463', timestamp'3010-06-19 09:15:55.34', timestamp'3005-06-19 09:15:55.34',
		35, 'Y', 242, 1, 343, 'MUGSX-7662-L', 'N', 0);
		
-- Fixture

INSERT INTO NEN.FIXTURE (ID, COST, TYPE) VALUES(NEN.PKSEQ_FIXTURE.nextval, 42.34, 2);

-- OfficeFixture

INSERT INTO NEN.OFFICE_FIXTURE (ID, NAME) VALUES(1, 'GotNothing');

-- EmptyFixture

INSERT INTO NEN.EMPTY_FIXTURE (Id) VALUES(1);

-- Cube

INSERT INTO NEN.CUBE (CUBE_ID, CUBE_TYPE, X1, Y1, Z1, X2, Y2, Z2) VALUES (NEN.PKSEQ_CUBE.nextval, 2, 1, 1, 1, 2, 2, 2);
INSERT INTO NEN.CUBE (CUBE_ID, CUBE_TYPE, X1, Y1, Z1, X2, Y2, Z2) VALUES (NEN.PKSEQ_CUBE.nextval, 1, 2, 2, 2, 3, 3, 3);

-- Gelatinous Cube

INSERT INTO NEN.GELATINOUS_CUBE (GELATINOUS_CUBE_ID, PERMEABILITY, PLAYERS_ABSORBED) VALUES (1, 0.5, 3);

-- Handle

INSERT INTO NEN.HANDLE (ID, LENGTH) VALUES (NEN.PKSEQ_HANDLE.nextval, 4);
INSERT INTO NEN.HANDLE (ID, LENGTH) VALUES (NEN.PKSEQ_HANDLE.nextval, 5);

-- Claw

INSERT INTO NEN.CLAW (ID, IS_SHARP) VALUES (NEN.PKSEQ_CLAW.nextval, 0);
INSERT INTO NEN.CLAW (ID, IS_SHARP) VALUES (NEN.PKSEQ_CLAW.nextval, 1);

-- Saw

INSERT INTO NEN.SAW (ID, HANDLE_ID) VALUES (NEN.PKSEQ_SAW.nextval, 1);
INSERT INTO NEN.SAW (ID, HANDLE_ID) VALUES (NEN.PKSEQ_SAW.nextval, 2);

-- Hammer

INSERT INTO NEN.HAMMER (ID, CLAW_ID, HANDLE_ID, PROGRAMMERS_BEATEN_TO_DEATH) VALUES (NEN.PKSEQ_HAMMER.nextval, 2, 2, 5);
INSERT INTO NEN.HAMMER (ID, CLAW_ID, HANDLE_ID, PROGRAMMERS_BEATEN_TO_DEATH) VALUES (NEN.PKSEQ_HAMMER.nextval, 1, 1, 0);

-- Carpenter

INSERT INTO NEN.CARPENTER (ID, RAGE_LEVEL, HAMMER_ID, SAW_ID) VALUES (NEN.PKSEQ_CARPENTER.nextval, 0, 2, 1);
INSERT INTO NEN.CARPENTER (ID, RAGE_LEVEL, HAMMER_ID, SAW_ID) VALUES (NEN.PKSEQ_CARPENTER.nextval, 100, 1, 2);

COMMIT;
