﻿-- Recreate sequences

DROP SEQUENCE PKSEQ_ANSWER; 
DROP SEQUENCE PKSEQ_CARPENTER; 
DROP SEQUENCE PKSEQ_CAVEMAN; 
DROP SEQUENCE PKSEQ_CAVEMAN_GENE; 
DROP SEQUENCE PKSEQ_CAVEMAN_GENE_ATTRIBUTE; 
DROP SEQUENCE PKSEQ_CAVEMAN_GENE_MAP; 
DROP SEQUENCE PKSEQ_CLAW; 
DROP SEQUENCE PKSEQ_CUBE; 
DROP SEQUENCE PKSEQ_DEPARTMENT; 
DROP SEQUENCE PKSEQ_DINO_EGG; 
DROP SEQUENCE PKSEQ_DINO_TOOTH; 
DROP SEQUENCE PKSEQ_FIXTURE; 
DROP SEQUENCE PKSEQ_HAMMER; 
DROP SEQUENCE PKSEQ_HANDLE; 
DROP SEQUENCE PKSEQ_PET_DINOSAUR; 
DROP SEQUENCE PKSEQ_SAW; 
DROP SEQUENCE PKSEQ_SCIENCE; 
DROP SEQUENCE PKSEQ_TREEHOUSE; 

CREATE SEQUENCE PKSEQ_ANSWER; 
CREATE SEQUENCE PKSEQ_CARPENTER; 
CREATE SEQUENCE PKSEQ_CAVEMAN; 
CREATE SEQUENCE PKSEQ_CAVEMAN_GENE; 
CREATE SEQUENCE PKSEQ_CAVEMAN_GENE_ATTRIBUTE; 
CREATE SEQUENCE PKSEQ_CAVEMAN_GENE_MAP; 
CREATE SEQUENCE PKSEQ_CLAW; 
CREATE SEQUENCE PKSEQ_CUBE; 
CREATE SEQUENCE PKSEQ_DEPARTMENT; 
CREATE SEQUENCE PKSEQ_DINO_EGG; 
CREATE SEQUENCE PKSEQ_DINO_TOOTH; 
CREATE SEQUENCE PKSEQ_FIXTURE; 
CREATE SEQUENCE PKSEQ_HAMMER; 
CREATE SEQUENCE PKSEQ_HANDLE; 
CREATE SEQUENCE PKSEQ_PET_DINOSAUR; 
CREATE SEQUENCE PKSEQ_SAW; 
CREATE SEQUENCE PKSEQ_SCIENCE; 
CREATE SEQUENCE PKSEQ_TREEHOUSE;

START TRANSACTION;

-- Deletes

DELETE FROM ZOMBIE WHERE CARRIED_BULLET_ID IS NOT NULL;
DELETE FROM BULLET;
DELETE FROM ZOMBIE;
DELETE FROM TATTERED_CLOTHING;
DELETE FROM STARSHIP;
DELETE FROM SHIELD_ARRAY;
DELETE FROM PIZZA;
DELETE FROM EMPLOYER;
DELETE FROM VAMPIRE_PIZZA_DELIVERY_EMPLOYEE;
DELETE FROM NINJA_EMPLOYEE;
DELETE FROM ROBO_CLOWN_EMPLOYEE;
DELETE FROM CLOWN_EMPLOYEE;
DELETE FROM EMPLOYEE;
DELETE FROM CANDY_PLANET;
DELETE FROM NO_MORE_FUN_PLANET;
DELETE FROM SPELL_EFFECT;
DELETE FROM SPELL;
DELETE FROM WIZARD;
DELETE FROM EVIL_TOWER;
DELETE FROM SCROLL_PARCHMENT_PROPERTY;
DELETE FROM SCROLL_CASE;
DELETE FROM SCROLL_PARCHMENT;
DELETE FROM SCROLL;
DELETE FROM DINO_TOOTH;
DELETE FROM PET_DINOSAUR;
DELETE FROM DINO_EGG;
DELETE FROM CAVEMAN_GENE_MAP;
DELETE FROM CAVEMAN_GENE_ATTRIBUTE;
DELETE FROM CAVEMAN_GENE;
DELETE FROM CAVEMAN;
DELETE FROM FIREPLACE_FIXTURE;
DELETE FROM EMPTY_FIXTURE;
DELETE FROM OFFICE_FIXTURE;
DELETE FROM FIXTURE;
DELETE FROM DOOR;
DELETE FROM DEPARTMENT;
DELETE FROM GELATINOUS_CUBE;
DELETE FROM CUBE;
DELETE FROM SCIENCE;
DELETE FROM CARPENTER;
DELETE FROM HAMMER;
DELETE FROM SAW;
DELETE FROM CLAW;
DELETE FROM HANDLE;

-- Door

INSERT INTO DOOR (NAME, OPEN) VALUES ('Portal', 'Y');
INSERT INTO DOOR (NAME, OPEN) VALUES ('Gate', 'N');

-- Caveman

INSERT INTO CAVEMAN (ID, NAME, DISCOVERED) VALUES(nextval('PKSEQ_CAVEMAN'), 'Ugg', timestamp'2000-02-07 00:00:00');

-- DinoEgg

INSERT INTO DINO_EGG (ID, HATCHED) VALUES(nextval('PKSEQ_DINO_EGG'), 'N');

-- PetDinosaur

INSERT INTO PET_DINOSAUR (ID, OWNER_CAVEMAN_ID, NAME, EGG_ID) VALUES (nextval('PKSEQ_PET_DINOSAUR'), 1, 'Thorax', 1);
INSERT INTO PET_DINOSAUR (ID, OWNER_CAVEMAN_ID, NAME, EGG_ID) VALUES (nextval('PKSEQ_PET_DINOSAUR'), null, 'Jorg', null);

-- DinoTooth

INSERT INTO DINO_TOOTH (ID, PET_DINOSAUR_ID, SHARPNESS) VALUES(nextval('PKSEQ_DINO_TOOTH'), 1, 53543);

-- Caveman Genes and Attributes

INSERT INTO CAVEMAN_GENE (ID, NAME) VALUES(nextval('PKSEQ_CAVEMAN_GENE'), 'TTACAA');
INSERT INTO CAVEMAN_GENE_ATTRIBUTE (ID, NAME, CAVEMAN_GENE_ID) VALUES(nextval('PKSEQ_CAVEMAN_GENE_ATTRIBUTE'), 'Unibrow', 1);
INSERT INTO CAVEMAN_GENE_MAP (ID, CAVEMAN_ID, CAVEMAN_GENE_ID) VALUES(nextval('PKSEQ_CAVEMAN_GENE_MAP'), 1, 1);

-- Scroll

INSERT INTO SCROLL (ID, TEXT) VALUES('1218a3c6668c4e82858682f55ce9f67a', 'This scroll has a lot of words.');
INSERT INTO SCROLL (ID, TEXT) VALUES('ba03f30752ce420081b7764bf51c4f7d', 'This scroll has a list of popular names for chicken.');
	
-- ScrollCase

INSERT INTO SCROLL_CASE (ID, SCROLL_ID, ENGRAVED_TEXT) VALUES('847AEA0F2B5C40908C239690DFE71616', '1218a3c6668c4e82858682f55ce9f67a', 'Words of wisdom.');
INSERT INTO SCROLL_CASE (ID, SCROLL_ID, ENGRAVED_TEXT) VALUES('c6a90783a0304f4099d0b122e2324bee', NULL, 'Emptiness.');

-- ScrollParchment

INSERT INTO SCROLL_PARCHMENT (ID, SCROLL_ID, QUALITY) VALUES('351fb9ae64074745970f636c33aa2b41', '1218a3c6668c4e82858682f55ce9f67a', 99);

-- ScrollParchmentProperty

INSERT INTO SCROLL_PARCHMENT_PROPERTY (ID, SCROLL_PARCHMENT_ID, NAME) VALUES('dc7223b3475a4630bd062b1c46c772a5', '351fb9ae64074745970f636c33aa2b41', '~Magic~');

-- EvilTower

INSERT INTO EVIL_TOWER (ID, MIND_CONTROL_ANTENNA_POWER, CODE_NAME, NUMBER_OF_ZOMBIES_CREATED, EVIL_STUFF) VALUES('bdac851ce5104138b785638704b70b5a', 5000, 'Tokyo Tower', 9445, '\\x79006F00750020006D0075007300740020006F00620065007900');
INSERT INTO EVIL_TOWER (ID, MIND_CONTROL_ANTENNA_POWER, CODE_NAME, NUMBER_OF_ZOMBIES_CREATED) VALUES('24486db36d0441afa0315de8cb308a53', 3333, 'Big Ben', 12311);

-- Wizard

INSERT INTO WIZARD (ID, NAME) VALUES('4305c3cf68cb4e79bf7c60306cd18053', 'Einhowzer');
INSERT INTO WIZARD (ID, NAME) VALUES('dd244c2f958a4f1c863e6154bf891dd5', 'Merlug');
	
-- Spell

INSERT INTO SPELL (ID, DESCRIPTION, WIZARD_ID) VALUES('70b7fbb86a6a44c3b0a395695d7a0aef', 'Magic Missive', '4305c3cf68cb4e79bf7c60306cd18053');
INSERT INTO SPELL (ID, DESCRIPTION, WIZARD_ID) VALUES('fa5bcfaa9f724a188cb8c10f6729ff62', 'Grease', '4305c3cf68cb4e79bf7c60306cd18053');
INSERT INTO SPELL (ID, DESCRIPTION, WIZARD_ID) VALUES('616743213f8749cb8a0940a27fe59ba6', 'Shocking Beard', '4305c3cf68cb4e79bf7c60306cd18053');
INSERT INTO SPELL (ID, DESCRIPTION, WIZARD_ID) VALUES('2399781e977542118e276bb6d1fe2842', 'Create Lesser Acne', 'dd244c2f958a4f1c863e6154bf891dd5');
INSERT INTO SPELL (ID, DESCRIPTION, WIZARD_ID) VALUES('a353530c822e4e7787c690dfc8173825', 'Flashlight', 'dd244c2f958a4f1c863e6154bf891dd5');
	
-- SpellEffect
	
INSERT INTO SPELL_EFFECT (ID, DAMAGE, SPELL_ID) VALUES('6BAAA889E4B14c68ABC603FFC5B3710C', 10, '70b7fbb86a6a44c3b0a395695d7a0aef');
INSERT INTO SPELL_EFFECT (ID, DAMAGE, SPELL_ID) VALUES('dc657ceecd5f45d6a03c5eba5ad5b3d0', 200, 'fa5bcfaa9f724a188cb8c10f6729ff62');
INSERT INTO SPELL_EFFECT (ID, DAMAGE, SPELL_ID) VALUES('03e88c3ef49d4b12b2b271c246220a78', 333, 'fa5bcfaa9f724a188cb8c10f6729ff62');
INSERT INTO SPELL_EFFECT (ID, DAMAGE, SPELL_ID) VALUES('7642f7509a934958a7374ba9da0b4fc0', 15, '616743213f8749cb8a0940a27fe59ba6');
INSERT INTO SPELL_EFFECT (ID, DAMAGE, SPELL_ID) VALUES('ca71487e414542c2a33d5dd92d23506a', 9001, '2399781e977542118e276bb6d1fe2842');
INSERT INTO SPELL_EFFECT (ID, DAMAGE, SPELL_ID) VALUES('913d493722344fb3a9a5b824380579a5', 0, 'a353530c822e4e7787c690dfc8173825');

-- CandyPlanet

INSERT INTO CANDY_PLANET (ID, NAME, DIAMETER, NUMBER_OF_LOLLIPOPS) VALUES('74cfe715e2ec4ada86419f0b0cb5d7d7', 'Chocliter', 8789, 3422);

-- NoMoreFunPlanet

INSERT INTO NO_MORE_FUN_PLANET (ID, NAME, DIAMETER, FUN_START_DATE, FUN_END_DATE) VALUES('02de00769e5244d4a4f9433a05ff4981', 'Clownury', 677, timestamp'1995-04-01 00:00:00', timestamp'1996-04-02 00:00:00');

-- Department

INSERT INTO DEPARTMENT (ID, NAME) VALUES(nextval('PKSEQ_DEPARTMENT'), 'Pizza Ninjas');
INSERT INTO DEPARTMENT (ID, NAME) VALUES(nextval('PKSEQ_DEPARTMENT'), 'Nightmares');
	
-- Base Employee
INSERT INTO EMPLOYEE (ID, NAME, TYPE) VALUES('2f8fd845da284cfe96ca60ea7e651c6a', 'High5', 6);

-- NinjaEmployee

INSERT INTO EMPLOYEE (ID, NAME, TYPE) VALUES('b587c85ba8414d90a64b2b26c417d977', 'Sanosuke', 1);
INSERT INTO NINJA_EMPLOYEE (ID, PIRATES_SLAIN) VALUES('b587c85ba8414d90a64b2b26c417d977', 10);

INSERT INTO EMPLOYEE (ID, NAME, TYPE, DEPARTMENT_ID) VALUES('3a8f48e4d31b47af9a649f14b420d7d6', 'Farley', 1, 1);
INSERT INTO NINJA_EMPLOYEE (ID, PIRATES_SLAIN) VALUES('3a8f48e4d31b47af9a649f14b420d7d6', 1);

-- ClownEmployee

INSERT INTO EMPLOYEE (ID, NAME, TYPE, DEPARTMENT_ID) VALUES('e031be0be9b04a29acdca4661d5556ce', 'Bozo', 2, 2);
INSERT INTO CLOWN_EMPLOYEE (ID, SHOE_LENGTH) VALUES('e031be0be9b04a29acdca4661d5556ce', 10.45);

-- RoboClownEmployee

INSERT INTO EMPLOYEE (ID, NAME, TYPE) VALUES('53270dda4ce9418fa3970d138fd12de6', 'Robozo', 4);
INSERT INTO CLOWN_EMPLOYEE (ID, SHOE_LENGTH) VALUES('53270dda4ce9418fa3970d138fd12de6', 15.92);
INSERT INTO ROBO_CLOWN_EMPLOYEE (ID, CHILDREN_VAPORIZED) VALUES('53270dda4ce9418fa3970d138fd12de6', 94);

-- VampirePizzaDeliveryEmployee

INSERT INTO EMPLOYEE (ID, NAME, TYPE, DEPARTMENT_ID) VALUES('f9c432ba4d744d93a475ef7370d34997', 'LaCroix', 5, 1);
INSERT INTO VAMPIRE_PIZZA_DELIVERY_EMPLOYEE (ID, FAVORITE_BLOODY_TOPPING) VALUES('f9c432ba4d744d93a475ef7370d34997', 'Werewolferoni');

-- PizzaDeliveryEmployee

INSERT INTO EMPLOYEE (ID, NAME, TYPE, DEPARTMENT_ID) VALUES('92d2ee266df94dfa99dafc6a14a0afb1', 'Hiro', 3, 1);

-- Pizza

INSERT INTO PIZZA (ID, CHEESE_FACTOR, PIZZA_DELIVERY_EMPLOYEE_ID) VALUES('b6bd5292658e4246a7c8cbb218deb736', 100, '92d2ee266df94dfa99dafc6a14a0afb1');
INSERT INTO PIZZA (ID, CHEESE_FACTOR, PIZZA_DELIVERY_EMPLOYEE_ID) VALUES('7b1add4c2e60482aba7bbda2bf91632a', 9500, '92d2ee266df94dfa99dafc6a14a0afb1');
INSERT INTO PIZZA (ID, CHEESE_FACTOR, PIZZA_DELIVERY_EMPLOYEE_ID) VALUES('4ed25070df394a91a3a90102752e087c', 11000, '92d2ee266df94dfa99dafc6a14a0afb1');

-- Employer

INSERT INTO EMPLOYER (ID, NAME, OFFICE_NINJA_ID, ASSISTANT_ID) VALUES('f78ef8182ddb4128989d2f3a0aa5e156', 'Ground0', '3a8f48e4d31b47af9a649f14b420d7d6', 'e031be0be9b04a29acdca4661d5556ce');

-- TatteredClothing

INSERT INTO TATTERED_CLOTHING (ID, NUMBER_OF_hOLES) VALUES('a5a07a433057431cafbdadebe1e2fda8', 19);

-- Zombie

INSERT INTO ZOMBIE (ID, NAME, REMAINING_APPENDAGES, BIT_BY_ID, TATTERED_CLOTHING_ID, INFECTED, DATE_MODIFIED, VIRUS_INCUBATION_TIME) VALUES('94ec8d8e8073404e99189ea22b7566bd', 'Fred', 5, NULL, 'a5a07a433057431cafbdadebe1e2fda8', timestamp'1987-01-04 00:00:00', timestamp'1987-01-05 00:00:00', timestamp'0001-01-01 04:00:05');
INSERT INTO ZOMBIE (ID, NAME, REMAINING_APPENDAGES, BIT_BY_ID, TATTERED_CLOTHING_ID, INFECTED, DATE_MODIFIED, VIRUS_INCUBATION_TIME) VALUES('ce447ef16ab348b4bcbd2c5dff606593', 'Rat', 3, '94ec8d8e8073404e99189ea22b7566bd', NULL, NULL, timestamp'1980-01-01 00:00:00', timestamp'0001-01-01 04:00:05');
INSERT INTO ZOMBIE (ID, NAME, REMAINING_APPENDAGES, DATE_MODIFIED, VIRUS_INCUBATION_TIME) VALUES('2281b71d0a954b9bb4b1612171b815fc', 'Joe', 8, timestamp'1990-02-04 00:00:00', timestamp'0001-01-01 01:00:05');
INSERT INTO ZOMBIE (ID, NAME, REMAINING_APPENDAGES, DATE_MODIFIED, VIRUS_INCUBATION_TIME) VALUES('e71740140f2540dfb8752da0c90c5f68', 'Bob', 4, timestamp'1997-03-06 00:00:00', timestamp'0001-01-01 04:00:05');
INSERT INTO ZOMBIE (ID, NAME, REMAINING_APPENDAGES, DATE_MODIFIED, VIRUS_INCUBATION_TIME) VALUES('b4da75f11c8648978dcb33198c0dc9b8', 'Arnie', 5, timestamp'2003-06-04 00:00:00', timestamp'0001-01-01 04:00:06.01');

-- Bullet

INSERT INTO BULLET (ID, KIND, ZOMBIE_ID) VALUES('f3a4043d5618488e94b384df209aa701', 1, '94ec8d8e8073404e99189ea22b7566bd');
INSERT INTO BULLET (ID, KIND, ZOMBIE_ID) VALUES('7c9c752f48f6436f811a6f768b9d8ba0', 2, '94ec8d8e8073404e99189ea22b7566bd');
INSERT INTO BULLET (ID, KIND, ZOMBIE_ID) VALUES('36caff06e991489f864c5cc23586810c', 3, '94ec8d8e8073404e99189ea22b7566bd');

-- Zombie Bullets

UPDATE ZOMBIE SET CARRIED_BULLET_ID = 'f3a4043d5618488e94b384df209aa701' WHERE ID = '2281b71d0a954b9bb4b1612171b815fc';
UPDATE ZOMBIE SET CARRIED_BULLET_ID = '7c9c752f48f6436f811a6f768b9d8ba0' WHERE ID = 'e71740140f2540dfb8752da0c90c5f68';

-- ShieldArray

INSERT INTO SHIELD_ARRAY (ID, ENERGY, LEECH_SUCKING_POWER) VALUES('914c8e0ed14c427ba07f34db2013bcfe', 33, 'Y');
INSERT INTO SHIELD_ARRAY (ID, ENERGY, LEECH_SUCKING_POWER) VALUES('6b2b71b091ff4045b5dbf00903fdb463', 1231, 'N');

-- Starship

INSERT INTO STARSHIP (ID, SERIAL, SHIELD_ID, SHIP_TIME, CLOCK_WARP_TIME,
		MISSILE_WARHEADS, AFT_PHASER_ACTIVE, AFT_PHASER_POWER, FORE_PHASER_ACTIVE, FORE_PHASER_POWER,
		SHUTTLE_SERIAL, SHUTTLE_OMNI_PHASER_ACTIVE, SHUTTLE_OMNI_PHASER_POWER)
	VALUES('76a37a136bd24cc4ae211e9234a58804', 'FOOCC-8909-X', '914c8e0ed14c427ba07f34db2013bcfe', timestamp'3007-12-20 21:15:37.107', timestamp'3007-12-19 11:44:22',
		26, 'N', 1111, 'Y', 878, 'BARSS-7641-Z', 'N', 432);
		
INSERT INTO STARSHIP (ID, SERIAL, SHIELD_ID, SHIP_TIME, CLOCK_WARP_TIME,
		MISSILE_WARHEADS, AFT_PHASER_ACTIVE, AFT_PHASER_POWER, FORE_PHASER_ACTIVE, FORE_PHASER_POWER,
		SHUTTLE_SERIAL, SHUTTLE_OMNI_PHASER_ACTIVE, SHUTTLE_OMNI_PHASER_POWER)
	VALUES('2361c0f2b51a43c1afbe268a1a3061e6', 'QUXCC-5343-V', '6b2b71b091ff4045b5dbf00903fdb463', timestamp'3010-06-19 09:15:55.34', timestamp'3005-06-19 09:15:55.34',
		35, 'Y', 242, 'Y', 343, 'MUGSX-7662-L', 'N', 0);
		
-- Fixture

INSERT INTO FIXTURE (ID, COST, TYPE) VALUES(nextval('PKSEQ_FIXTURE'), 42.34, 2);

-- OfficeFixture

INSERT INTO OFFICE_FIXTURE (ID, NAME) VALUES(1, 'GotNothing');

-- EmptyFixture

INSERT INTO EMPTY_FIXTURE (Id) VALUES(1);

-- Cube

INSERT INTO CUBE (CubeId, CUBE_TYPE, X1, Y1, Z1, X2, Y2, Z2) VALUES (nextval('PKSEQ_CUBE'), 2, 1, 1, 1, 2, 2, 2);
INSERT INTO CUBE (CubeId, CUBE_TYPE, X1, Y1, Z1, X2, Y2, Z2) VALUES (nextval('PKSEQ_CUBE'), 1, 2, 2, 2, 3, 3, 3);

-- Gelatinous Cube

INSERT INTO GELATINOUS_CUBE (GelatinousCubeId, PERMEABILITY, PLAYERS_ABSORBED) VALUES (1, 0.5, 3);

-- Handle

INSERT INTO HANDLE (ID, LENGTH) VALUES (nextval('PKSEQ_HANDLE'), 4);
INSERT INTO HANDLE (ID, LENGTH) VALUES (nextval('PKSEQ_HANDLE'), 5);

-- Claw

INSERT INTO CLAW (ID, IS_SHARP) VALUES (nextval('PKSEQ_CLAW'), 'Y');
INSERT INTO CLAW (ID, IS_SHARP) VALUES (nextval('PKSEQ_CLAW'), 'N');

-- Saw

INSERT INTO SAW (ID, HANDLE_ID) VALUES (nextval('PKSEQ_SAW'), 1);
INSERT INTO SAW (ID, HANDLE_ID) VALUES (nextval('PKSEQ_SAW'), 2);

-- Hammer

INSERT INTO HAMMER (ID, CLAW_ID, HANDLE_ID, PROGRAMMERS_BEATEN_TO_DEATH) VALUES (nextval('PKSEQ_HAMMER'), 2, 2, 5);
INSERT INTO HAMMER (ID, CLAW_ID, HANDLE_ID, PROGRAMMERS_BEATEN_TO_DEATH) VALUES (nextval('PKSEQ_HAMMER'), 1, 1, 0);

-- Carpenter

INSERT INTO CARPENTER (ID, RAGE_LEVEL, HAMMER_ID, SAW_ID) VALUES (nextval('PKSEQ_CARPENTER'), 0, 2, 1);
INSERT INTO CARPENTER (ID, RAGE_LEVEL, HAMMER_ID, SAW_ID) VALUES (nextval('PKSEQ_CARPENTER'), 100, 1, 2);

COMMIT;